1,google.com
2,netflix.com
3,cloud.netflix.com
4,prod.cloud.netflix.com
5,ftl.netflix.com
6,prod.ftl.netflix.com
7,nrdp.prod.cloud.netflix.com
8,microsoft.com
9,www.google.com
10,nrdp-ipv6.prod.ftl.netflix.com
11,data.microsoft.com
12,netflix.net
13,partner.netflix.net
14,prod.partner.netflix.net
15,preapp.prod.partner.netflix.net
16,events.data.microsoft.com
17,windowsupdate.com
18,ctldl.windowsupdate.com
19,live.com
20,settings-win.data.microsoft.com
21,apple.com
22,safebrowsing.googleapis.com
23,microsoftonline.com
24,login.microsoftonline.com
25,ichnaea.netflix.com
26,officeapps.live.com
27,facebook.com
28,doubleclick.net
29,bing.com
30,g.doubleclick.net
31,clientservices.googleapis.com
32,office.com
33,update.googleapis.com
34,prod.netflix.com
35,push.prod.netflix.com
36,office365.com
37,self.events.data.microsoft.com
38,amazonaws.com
39,digicert.com
40,play.google.com
41,googleusercontent.com
42,google-analytics.com
43,www.googleapis.com
44,icloud.com
45,lencr.org
46,skype.com
47,outlook.office365.com
48,ocsp.digicert.com
49,teams.microsoft.com
50,googleads.g.doubleclick.net
51,itunes.apple.com
52,mp.microsoft.com
53,nexusrules.officeapps.live.com
54,www.google-analytics.com
55,akadns.net
56,akamaiedge.net
57,com.akadns.net
58,smartscreen-prod.microsoft.com
59,ls.apple.com
60,apple-dns.net
61,office.net
62,v10.events.data.microsoft.com
63,msn.com
64,www.bing.com
65,edge.microsoft.com
66,fe.apple-dns.net
67,youtube.com
68,fonts.googleapis.com
69,aaplimg.com
70,config.teams.microsoft.com
71,gateway.icloud.com
72,outlook.office.com
73,gateway.fe.apple-dns.net
74,c.lencr.org
75,x1.c.lencr.org
76,g.aaplimg.com
77,googletagmanager.com
78,www.googletagmanager.com
79,mtalk.google.com
80,clients4.google.com
81,init.itunes.apple.com
82,edge.skype.com
83,config.edge.skype.com
84,msedge.net
85,www.youtube.com
86,play.googleapis.com
87,dsp.mp.microsoft.com
88,optimizationguide-pa.googleapis.com
89,login.live.com
90,opendns.com
91,time.apple.com
92,graph.microsoft.com
93,cdn.office.net
94,adservice.google.com
95,do.dsp.mp.microsoft.com
96,prod.do.dsp.mp.microsoft.com
97,push.apple.com
98,yahoo.com
99,content-autofill.googleapis.com
100,windows.com
101,ytimg.com
102,windows.net
103,googlesyndication.com
104,substrate.office.com
105,i.ytimg.com
106,sharepoint.com
107,app-measurement.com
108,amazon.com
109,accounts.google.com
110,stats.g.doubleclick.net
111,www.facebook.com
112,dsce9.akamaiedge.net
113,measure.office.com
114,presence.teams.microsoft.com
115,graph.facebook.com
116,ecs.office.com
117,fp.measure.office.com
118,pagead2.googlesyndication.com
119,lh3.googleusercontent.com
120,time.g.aaplimg.com
121,business.bing.com
122,pki.goog
123,upload.fp.measure.office.com
124,roaming.officeapps.live.com
125,ocsp.pki.goog
126,e673.dsce9.akamaiedge.net
127,api.msn.com
128,bag.itunes.apple.com
129,aria.microsoft.com
130,pipe.aria.microsoft.com
131,outlook.com
132,activity.windows.com
133,cloudflare.com
134,apis.google.com
135,clients6.google.com
136,weather-data.apple.com
137,googleadservices.com
138,ic3.events.data.microsoft.com
139,teams.events.data.microsoft.com
140,akamai.net
141,fbcdn.net
142,nrdp52-appboot.netflix.com
143,smartscreen.microsoft.com
144,instagram.com
145,core.windows.net
146,blob.core.windows.net
147,delivery.mp.microsoft.com
148,gsp-ssl.ls.apple.com
149,tpc.googlesyndication.com
150,scorecardresearch.com
151,facebook.net
152,browser.pipe.aria.microsoft.com
153,connect.facebook.net
154,sb.scorecardresearch.com
155,assets.msn.com
156,configuration.ls.apple.com
157,storage.live.com
158,gvt1.com
159,www.googleadservices.com
160,gvt2.com
161,ess.apple.com
162,iphone-ld.apple.com
163,res.office365.com
164,mesu.apple.com
165,smoot.apple.com
166,googlevideo.com
167,teams.cdn.office.net
168,statics.teams.cdn.office.net
169,secure.netflix.com
170,ad.doubleclick.net
171,uiboot.netflix.com
172,update.microsoft.com
173,itunes-apple.com.akadns.net
174,r4.res.office365.com
175,akamaized.net
176,xx.fbcdn.net
177,demdex.net
178,adnxs.com
179,v20.events.data.microsoft.com
180,umbrella.com
181,dns.opendns.com
182,trouter.teams.microsoft.com
183,apple.com.akadns.net
184,dns.umbrella.com
185,safebrowsing.apple
186,enterprise.activity.windows.com
187,me.gvt1.com
188,edgedl.me.gvt1.com
189,mail.google.com
190,azure.com
191,edge-mqtt.facebook.com
192,clients2.google.com
193,googletagservices.com
194,www.googletagservices.com
195,c10r.facebook.com
196,gcp.gvt2.com
197,docs.google.com
198,amazon-adsystem.com
199,delve.office.com
200,web.facebook.com
201,loki.delve.office.com
202,beacons.gcp.gvt2.com
203,arc.msn.com
204,signaler-pa.clients6.google.com
205,ocsp2.apple.com
206,whatsapp.net
207,securepubads.g.doubleclick.net
208,gs-loc.apple.com
209,dpm.demdex.net
210,twitter.com
211,lh5.googleusercontent.com
212,l.google.com
213,xp.apple.com
214,msftconnecttest.com
215,fe3cr.delivery.mp.microsoft.com
216,fpc.msedge.net
217,weather.microsoft.com
218,nflxso.net
219,guzzoni.apple.com
220,aa-rt.sharepoint.com
221,manage.microsoft.com
222,amazontrust.com
223,1.nflxso.net
224,ggpht.com
225,ls-apple.com.akadns.net
226,init.push.apple.com
227,ogs.google.com
228,mobile.events.data.microsoft.com
229,jnn-pa.googleapis.com
230,cm.g.doubleclick.net
231,spo-ring.msedge.net
232,addons-pa.clients6.google.com
233,rubiconproject.com
234,nr-data.net
235,ib.adnxs.com
236,pubmatic.com
237,www.msftconnecttest.com
238,adsrvr.org
239,officeclient.microsoft.com
240,snapchat.com
241,clients3.google.com
242,analytics.yahoo.com
243,youtubei.googleapis.com
244,yt3.ggpht.com
245,msg.teams.microsoft.com
246,ng.msg.teams.microsoft.com
247,origin-apple.com.akadns.net
248,global.aa-rt.sharepoint.com
249,gr.global.aa-rt.sharepoint.com
250,cdnjs.cloudflare.com
251,tile-service.weather.microsoft.com
252,clients.google.com
253,android.clients.google.com
254,casalemedia.com
255,rlcdn.com
256,mask.icloud.com
257,sca1b.amazontrust.com
258,ajax.googleapis.com
259,linkedin.com
260,gateway.facebook.com
261,ntp.org
262,pool.ntp.org
263,fastly.net
264,go.microsoft.com
265,criteo.com
266,star.c10r.facebook.com
267,ocsp.sca1b.amazontrust.com
268,measure.office.net
269,i.instagram.com
270,bam.nr-data.net
271,static.doubleclick.net
272,2mdn.net
273,graph.instagram.com
274,safebrowsing.google.com
275,nel.measure.office.net
276,checkappexec.microsoft.com
277,us-v20.events.data.microsoft.com
278,beacons.gvt2.com
279,osi.office.net
280,proxy.safebrowsing.apple
281,msftncsi.com
282,odc.officeapps.live.com
283,android.googleapis.com
284,cloudapp.azure.com
285,azureedge.net
286,c.bing.com
287,ade.googlesyndication.com
288,s0.2mdn.net
289,gsp85-ssl.ls.apple.com
290,bidswitch.net
291,trafficmanager.net
292,adobe.com
293,browser.events.data.microsoft.com
294,3lift.com
295,firebaselogging-pa.googleapis.com
296,flightproxy.teams.microsoft.com
297,pancake.apple.com
298,id.google.com
299,openx.net
300,www.microsoft.com
301,adobe.io
302,cdn-apple.com
303,ups.analytics.yahoo.com
304,safeframe.googlesyndication.com
305,www.apple.com
306,s.amazon-adsystem.com
307,mzstatic.com
308,googleads4.g.doubleclick.net
309,gateway.instagram.com
310,g.whatsapp.net
311,cc.skype.com
312,o.lencr.org
313,play-fe.googleapis.com
314,x.bidswitch.net
315,protection.outlook.com
316,metrics.icloud.com
317,api.flightproxy.teams.microsoft.com
318,moatads.com
319,v.aaplimg.com
320,newrelic.com
321,taboola.com
322,dns.msftncsi.com
323,amer.ng.msg.teams.microsoft.com
324,r3.o.lencr.org
325,appsflyer.com
326,www.amazon.com
327,nleditor.osi.office.net
328,tiktokv.com
329,sfx.ms
330,inappcheck.itunes.apple.com
331,oneclient.sfx.ms
332,c.amazon-adsystem.com
333,wd.microsoft.com
334,autodiscover-s.outlook.com
335,img-s-msn-com.akamaized.net
336,asyncgw.teams.microsoft.com
337,cp.wd.microsoft.com
338,apple.news
339,acdc-direct.office.com
340,pixel.rubiconproject.com
341,gmail.com
342,c.apple.news
343,match.adsrvr.org
344,bluekai.com
345,sentry.io
346,geo.prod.do.dsp.mp.microsoft.com
347,scontent.xx.fbcdn.net
348,init.ess.apple.com
349,ocws.officeapps.live.com
350,agkn.com
351,slscr.update.microsoft.com
352,spotify.com
353,dscx.akamaiedge.net
354,play.itunes.apple.com
355,smartadserver.com
356,ssl.google-analytics.com
357,e10499.dsce9.akamaiedge.net
358,ampproject.org
359,api.snapchat.com
360,cdn.ampproject.org
361,api.amazon.com
362,doubleverify.com
363,gsp64-ssl.ls.apple.com
364,gspe79-ssl.ls.apple.com
365,oauthaccountmanager.googleapis.com
366,kt-prod.ess.apple.com
367,media.net
368,crashlytics.com
369,adsafeprotected.com
370,api.cdp.microsoft.com
371,cdp.microsoft.com
372,msedge.api.cdp.microsoft.com
373,licensing.mp.microsoft.com
374,everesttech.net
375,idsync.rlcdn.com
376,tapad.com
377,g.live.com
378,notifications-pa.googleapis.com
379,gspe35-ssl.ls.apple.com
380,eb2.3lift.com
381,mathtag.com
382,entrust.net
383,ocsp2-lb.apple.com.akadns.net
384,us-east-1.elb.amazonaws.com
385,mqtt.c10r.facebook.com
386,quantserve.com
387,ocsp.entrust.net
388,edgesuite.net
389,configuration.apple.com
390,beacons2.gvt2.com
391,ha.office365.com
392,outlook.ha.office365.com
393,dataservice.protection.outlook.com
394,cdninstagram.com
395,analytics.google.com
396,atm-fp-direct.office.com
397,nelreports.net
398,media-amazon.com
399,licdn.com
400,peoplestackwebexperiments-pa.clients6.google.com
401,msgr-latest.c10r.facebook.com
402,firebaseremoteconfig.googleapis.com
403,fe2cr.update.microsoft.com
404,bat.bing.com
405,m.media-amazon.com
406,dl.delivery.mp.microsoft.com
407,ybp.yahoo.com
408,asm.skype.com
409,pubads.g.doubleclick.net
410,init-p01md.apple.com
411,api-global.netflix.com
412,beacons3.gvt2.com
413,api.smoot.apple.com
414,token.safebrowsing.apple
415,com.edgesuite.net
416,launchdarkly.com
417,beacons4.gvt2.com
418,gum.criteo.com
419,criteo.net
420,sectigo.com
421,imap.gmail.com
422,tlu.dl.delivery.mp.microsoft.com
423,nel.cloudflare.com
424,a.nel.cloudflare.com
425,init-cdn.itunes-apple.com.akadns.net
426,peoplestack-pa.clients6.google.com
427,akamaihd.net
428,mesu-cdn.origin-apple.com.akadns.net
429,pinterest.com
430,res.cdn.office.net
431,ads.linkedin.com
432,fna.fbcdn.net
433,sharethrough.com
434,outbrain.com
435,js-agent.newrelic.com
436,imasdk.googleapis.com
437,maps.googleapis.com
438,play-lh.googleusercontent.com
439,jsdelivr.net
440,cdn.jsdelivr.net
441,verisign.com
442,tiktokcdn.com
443,us-prod.asyncgw.teams.microsoft.com
444,aws.api.snapchat.com
445,adobedtm.com
446,px.ads.linkedin.com
447,aa.google.com
448,assets.adobedtm.com
449,yimg.com
450,mask.apple-dns.net
451,appcenter.ms
452,internal
453,s.yimg.com
454,x2.c.lencr.org
455,download.windowsupdate.com
456,z.moatads.com
457,cdn.doubleverify.com
458,omtrdc.net
459,edgekey.net
460,firebase-settings.crashlytics.com
461,google.internal
462,metadata.google.internal
463,launches.appsflyer.com
464,inbox.google.com
465,tps.doubleverify.com
466,adform.net
467,pr-bh.ybp.yahoo.com
468,dotomi.com
469,aws-proxy-gcp.api.snapchat.com
470,crwdcntrl.net
471,apps.apple.com
472,us-u.openx.net
473,lijit.com
474,in.appcenter.ms
475,cookielaw.org
476,cdn.cookielaw.org
477,ssum-sec.casalemedia.com
478,pixel.tapad.com
479,gcp.api.snapchat.com
480,px.moatads.com
481,t.co
482,nam.loki.delve.office.com
483,ow1.res.office365.com
484,wg.spotify.com
485,spclient.wg.spotify.com
486,drive.google.com
487,icloud-content.com
488,cloudflare.net
489,ocsp.sectigo.com
490,cdn.cloudflare.net
491,secure.adnxs.com
492,fbs.smoot.apple.com
493,storage.googleapis.com
494,cdn.whatsapp.net
495,crl.verisign.com
496,ingest.sentry.io
497,krxd.net
498,bidr.io
499,fls.doubleclick.net
500,1rx.io
501,aa.agkn.com
502,sync.mathtag.com
503,nrdp.prod.ftl.netflix.com
504,gsp-ssl.ls-apple.com.akadns.net
505,cc-api-data.adobe.io
506,prod.bidr.io
507,api3.cc.skype.com
508,spotxchange.com
509,search.spotxchange.com
510,tremorhub.com
511,zemanta.com
512,us.tiktokv.com
513,id5-sync.com
514,config.office.net
515,clients.config.office.net
516,nav-edge.smartscreen.microsoft.com
517,fastlane.rubiconproject.com
518,hbopenbid.pubmatic.com
519,match.sharethrough.com
520,clients1.google.com
521,waconatm.officeapps.live.com
522,dt.adsafeprotected.com
523,liadm.com
524,waconafd.officeapps.live.com
525,apps.mzstatic.com
526,360yield.com
527,tiktok.com
528,stags.bluekai.com
529,ads.pubmatic.com
530,smp-device-content.apple.com
531,guzzoni-apple-com.v.aaplimg.com
532,pinimg.com
533,firebaseinstallations.googleapis.com
534,match.prod.bidr.io
535,tags.bluekai.com
536,contextweb.com
537,android.apis.google.com
538,suite.office.com
539,webshell.suite.office.com
540,l.googleusercontent.com
541,mask-api.icloud.com
542,contacts.google.com
543,go-mpulse.net
544,typekit.net
545,sc-cdn.net
546,augloop.office.com
547,sync.1rx.io
548,virtualearth.net
549,us-api.asm.skype.com
550,branch.io
551,res-1.cdn.office.net
552,content.office.net
553,nexus.officeapps.live.com
554,creativecdn.com
555,support.content.office.net
556,trafficshaping.dsp.mp.microsoft.com
557,tsfe.trafficshaping.dsp.mp.microsoft.com
558,us-east1-aws.api.snapchat.com
559,contextual.media.net
560,htlb.casalemedia.com
561,beacon.krxd.net
562,bh.contextweb.com
563,dscw154.akamai.net
564,adsymptotic.com
565,braze.com
566,teads.tv
567,p.adsymptotic.com
568,dev.virtualearth.net
569,mqtt-mini.facebook.com
570,userstore.skype.com
571,rapid7.com
572,api.userstore.skype.com
573,ping-edge.smartscreen.microsoft.com
574,inappcheck-lb.itunes-apple.com.akadns.net
575,people-pa.googleapis.com
576,a2z.com
577,apple.com.edgesuite.net
578,unitedstates.cp.wd.microsoft.com
579,sync.search.spotxchange.com
580,aax-dtb-cf.amazon-adsystem.com
581,analytics.twitter.com
582,endpoint.ingress.rapid7.com
583,ingress.rapid7.com
584,dsum-sec.casalemedia.com
585,rtb-csync.smartadserver.com
586,use.typekit.net
587,a.akamaiedge.net
588,b1sync.zemanta.com
589,com.cdn.cloudflare.net
590,mrodevicemgr.officeapps.live.com
591,engagement.office.com
592,messaging.engagement.office.com
593,turn.com
594,app-analytics-v2.snapchat.com
595,ssp.yahoo.com
596,static.adsafeprotected.com
597,twimg.com
598,lh6.googleusercontent.com
599,us-central1-gcp.api.snapchat.com
600,news-edge.apple.com
601,www.linkedin.com
602,eastus.cloudapp.azure.com
603,lh4.googleusercontent.com
604,dds.microsoft.com
605,c.go-mpulse.net
606,sitescout.com
607,api2.branch.io
608,eus.rubiconproject.com
609,crl3.digicert.com
610,evoke-windowsservices-tas.msedge.net
611,oauth2.googleapis.com
612,tlx.3lift.com
613,tiktokcdn-us.com
614,id.rlcdn.com
615,token.rubiconproject.com
616,setup.icloud.com
617,doh.opendns.com
618,me.apple-dns.net
619,imrworldwide.com
620,image8.pubmatic.com
621,static.criteo.net
622,addthis.com
623,i.liadm.com
624,hicloud.com
625,usertrust.com
626,d.agkn.com
627,insight.adsrvr.org
628,pixel.adsafeprotected.com
629,mozilla.com
630,acdn.adnxs.com
631,services.mozilla.com
632,sync-tm.everesttech.net
633,hotjar.com
634,indexww.com
635,smaato.net
636,cl3.apple.com
637,pendo.io
638,optimizely.com
639,redirector.googlevideo.com
640,ad.360yield.com
641,yieldmo.com
642,safebrowsing-proxy.g.aaplimg.com
643,deff.nelreports.net
644,us-v10.events.data.microsoft.com
645,trc.taboola.com
646,onetrust.com
647,bootstrapcdn.com
648,ad.smaato.net
649,uci.cdn.office.net
650,w55c.net
651,cf-st.sc-cdn.net
652,c10r.instagram.com
653,msftauth.net
654,pixel-sync.sitescout.com
655,people-pa.clients6.google.com
656,android-context-data.googleapis.com
657,stackadapt.com
658,cisco.com
659,c1.adform.net
660,gs-loc-new.ls-apple.com.akadns.net
661,simage2.pubmatic.com
662,srv.stackadapt.com
663,ads.yieldmo.com
664,trustarc.com
665,valid.apple.com
666,ads-twitter.com
667,ap.lijit.com
668,static.ads-twitter.com
669,espresso-pa.clients6.google.com
670,c.msn.com
671,unitedstates.smartscreen-prod.microsoft.com
672,exo.nel.measure.office.net
673,e6858.dscx.akamaiedge.net
674,calendar.google.com
675,devicelistenerprod.microsoft.com
676,dis.criteo.com
677,m.google.com
678,chat.cdn.whatsapp.net
679,js-sec.indexww.com
680,stickyadstv.com
681,omnitagjs.com
682,android.com
683,bugsnag.com
684,captive.apple.com
685,pbs.twimg.com
686,us-west-2.amazonaws.com
687,b-graph.facebook.com
688,ssl-images-amazon.com
689,instagram.c10r.instagram.com
690,passwordsleakcheck-pa.googleapis.com
691,geo.moatads.com
692,ads.stickyadstv.com
693,rtb0.doubleverify.com
694,static.hotjar.com
695,chat.google.com
696,live.net
697,app.snapchat.com
698,stocks-data-service.apple.com
699,visualstudio.com
700,safesearch.googleapis.com
701,xp.itunes-apple.com.akadns.net
702,sync.outbrain.com
703,e2ro.com
704,g.akamaiedge.net
705,dit.whatsapp.net
706,cs.dds.microsoft.com
707,s.youtube.com
708,cdn.optimizely.com
709,cms.quantserve.com
710,googlehosted.l.googleusercontent.com
711,bid.g.doubleclick.net
712,ci3.googleusercontent.com
713,emxdgt.com
714,swallow.apple.com
715,s.ad.smaato.net
716,centralus.cloudapp.azure.com
717,gdmf.apple.com
718,fontawesome.com
719,history.google.com
720,dscg.akamaiedge.net
721,ttlivecdn.com
722,tools.google.com
723,mb.moatads.com
724,youtube-ui.l.google.com
725,u.openx.net
726,static.xx.fbcdn.net
727,fcdn.us.tiktokv.com
728,p.typekit.net
729,33across.com
730,gspe1-ssl.ls.apple.com
731,pixel.quantserve.com
732,fcmconnection.googleapis.com
733,lcdn-locator.apple.com
734,lb-apple.com.akadns.net
735,bidder.criteo.com
736,s.pinimg.com
737,com.edgekey.net
738,stocks-sparkline.apple.com
739,westus.cloudapp.azure.com
740,us-east4-gcp.api.snapchat.com
741,jquery.com
742,truste.com
743,code.jquery.com
744,amplitude.com
745,iadsdk.apple.com
746,image6.pubmatic.com
747,time.android.com
748,images-na.ssl-images-amazon.com
749,courier-push-apple.com.akadns.net
750,ct.pinterest.com
751,flashtalking.com
752,cl2.apple.com
753,gsp10-ssl.apple.com
754,mixpanel.com
755,z-p42-chat-e2ee-ig.facebook.com
756,fb.com
757,sync.srv.stackadapt.com
758,chat-e2ee-mini.facebook.com
759,advertising.com
760,ntp.msn.com
761,platform.twitter.com
762,reddit.com
763,services.visualstudio.com
764,duplex.snapchat.com
765,aws.duplex.snapchat.com
766,portal.fb.com
767,geolocation.onetrust.com
768,dc.services.visualstudio.com
769,analytics.tiktok.com
770,mookie1.com
771,ocsp.usertrust.com
772,simpli.fi
773,iad-01.braze.com
774,bttrack.com
775,star-mini.c10r.facebook.com
776,gsas.apple.com
777,sdk.iad-01.braze.com
778,mobile.pipe.aria.microsoft.com
779,visitor.omnitagjs.com
780,comodoca.com
781,commnat-main-gc.ess.apple.com
782,fw.adsafeprotected.com
783,sonobi.com
784,go.sonobi.com
785,choices.trustarc.com
786,webex.com
787,servedby.flashtalking.com
788,choices.truste.com
789,pull-f5-va01.tiktokcdn.com
790,geller-pa.googleapis.com
791,iphone-ld.origin-apple.com.akadns.net
792,global.fastly.net
793,onetag-sys.com
794,rfihub.com
795,exelator.com
796,platform.hicloud.com
797,data.msn.com
798,gs-loc.ls-apple.com.akadns.net
799,events.data.msn.com
800,browser.events.data.msn.com
801,pull-w5-sg01.tiktokcdn.com
802,cl4.apple.com
803,srtb.msn.com
804,pull-cmaf-f16-sg01.tiktokcdn.com
805,pull-cmaf-f58-sg01.tiktokcdn.com
806,sync.crwdcntrl.net
807,pm.w55c.net
808,commnat-cohort-gc.ess.apple.com
809,pull-q5-sg01.tiktokcdn.com
810,pull-w5-va01.tiktokcdn.com
811,pippio.com
812,api.iris.microsoft.com
813,iris.microsoft.com
814,us.criteo.net
815,pull-f5-tt01.tiktokcdn.com
816,pull-cmaf-f16-va01.tiktokcdn.com
817,pull-q5-va01.tiktokcdn.com
818,yahoodns.net
819,pull-f5-sg01.ttlivecdn.com
820,1-courier.push.apple.com
821,pull-a5-gcp01.tiktokcdn.com
822,pull-f5-gcp01.tiktokcdn.com
823,upload2.fp.measure.office.com
824,loopme.me
825,mail.yahoo.com
826,pull-f5-gcp01.ttlivecdn.com
827,pull-cmaf-l16-tt01.tiktokcdn-us.com
828,pull-f5-tt01.fcdn.us.tiktokv.com
829,metaservices.microsoft.com
830,pull-o5-sg01.tiktokcdn.com
831,adjust.com
832,csync.loopme.me
833,pull-a5-va01.tiktokcdn.com
834,stocks-data-service.lb-apple.com.akadns.net
835,pull-flv-f10-sg01.tiktokcdn.com
836,pull-cmaf-f77-gcp01.tiktokcdn.com
837,pull-cmaf-f16-tt02.fcdn.us.tiktokv.com
838,pull-flv-l10-sg01.tiktokcdn.com
839,pull-cmaf-f16-tt01.tiktokcdn.com
840,pull-cmaf-f16-sg01.ttlivecdn.com
841,pull-cmaf-l16-sg01.tiktokcdn.com
842,pull-o5-gcp01.tiktokcdn.com
843,amp-api.apps.apple.com
844,dmd.metaservices.microsoft.com
845,inmobi.com
846,ad.turn.com
847,pull-f5-va01.ttlivecdn.com
848,pull-cmaf-l10-sg01.tiktokcdn.com
849,p13n.adobe.io
850,pull-hls-f58-sg01.tiktokcdn.com
851,zoom.us
852,pull-a5-sg01.tiktokcdn.com
853,pull-cmaf-f16-tt02.tiktokcdn.com
854,msidentity.com
855,pull-hls-f77-sg01.tiktokcdn.com
856,pull-flv-f10-gcp01.tiktokcdn.com
857,userlocation.googleapis.com
858,pull-c5-va01.tiktokcdn.com
859,pull-cmaf-f16-gcp01.ttlivecdn.com
860,pull-flv-f77-tt02.fcdn.us.tiktokv.com
861,pull-hls-f77-va01.tiktokcdn.com
862,au.download.windowsupdate.com
863,pull-q5-gcp01.tiktokcdn.com
864,pull-flv-l77-va01.tiktokcdn.com
865,pull-cmaf-f77-va01.tiktokcdn.com
866,pull-hls-l77-va01.tiktokcdn.com
867,pull-flv-l16-tt01.tiktokcdn-us.com
868,pull-flv-f77-gcp01.tiktokcdn.com
869,pull-flv-l10-gcp01.tiktokcdn.com
870,pull-cmaf-l77-va01.tiktokcdn.com
871,pull-cmaf-l16-va01.tiktokcdn.com
872,wbx2.com
873,pull-w5-gcp01.tiktokcdn.com
874,pull-flv-l16-sg01.tiktokcdn.com
875,tribalfusion.com
876,pull-f5-tt02-infra.fcdn.us.tiktokv.com
877,pull-cmaf-f16-va01.ttlivecdn.com
878,query.yahoo.com
879,settings.services.mozilla.com
880,pull-a5-tt01.fcdn.us.tiktokv.com
881,firefox.settings.services.mozilla.com
882,unrulymedia.com
883,tiqcdn.com
884,s3-w.us-east-1.amazonaws.com
885,pull-hls-f77-gcp01.tiktokcdn.com
886,tr.snapchat.com
887,pull-cmaf-l16-gcp01.tiktokcdn.com
888,pull-flv-f77-va01.tiktokcdn.com
889,pull-flv-l16-va01.tiktokcdn.com
890,pull-flv-l16-gcp01.tiktokcdn.com
891,pull-cmaf-l10-gcp01.tiktokcdn.com
892,pull-cmaf-f77-sg01.tiktokcdn.com
893,targeting.unrulymedia.com
894,pull-f5-tt02.tiktokcdn.com
895,pull-a5-tt02-infra.fcdn.us.tiktokv.com
896,tags.tiqcdn.com
897,pull-flv-f77-sg01.tiktokcdn.com
898,sc.omtrdc.net
899,pull-flv-f10-va01.tiktokcdn.com
900,tr.teams.microsoft.com
901,storequality.microsoft.com
902,storecatalogrevocation.storequality.microsoft.com
903,api.endpoint.ingress.rapid7.com
904,aad.cs.dds.microsoft.com
905,api.rlcdn.com
906,contacts.fe.apple-dns.net
907,p16-sign-va.tiktokcdn.com
908,aax.amazon-adsystem.com
909,pull-f5-sg01.tiktokcdn.com
910,pull-f5-tt02.fcdn.us.tiktokv.com
911,p.rfihub.com
912,s3-1-w.amazonaws.com
913,pull-cmaf-f16-tt01.fcdn.us.tiktokv.com
914,beap-bc.yahoo.com
915,mask-h2.icloud.com
916,a.tribalfusion.com
917,dsct.akamaiedge.net
918,events.launchdarkly.com
919,e17437.dsct.akamaiedge.net
920,pull-cmaf-f16-gcp01.tiktokcdn.com
921,ci5.googleusercontent.com
922,grammarly.com
923,quantcount.com
924,musicstatus.itunes.apple.com
925,push-rtmp-f5-tt02.fcdn.us.tiktokv.com
926,ci6.googleusercontent.com
927,um.simpli.fi
928,sc-static.net
929,dscb.akamaiedge.net
930,dsca.akamaiedge.net
931,maxcdn.bootstrapcdn.com
932,meraki.com
933,ci4.googleusercontent.com
934,ipredictive.com
935,wns.windows.com
936,tt.omtrdc.net
937,mobile-gtalk.l.google.com
938,mozilla.org
939,pubgw.yahoo.com
940,devices.a2z.com
941,moatpixel.com
942,s.moatpixel.com
943,winatp-gw-eus.microsoft.com
944,umwatson.events.data.microsoft.com
945,unagi-na.amazon.com
946,gspe19-ssl.ls.apple.com
947,kv601.prod.do.dsp.mp.microsoft.com
948,cdn.taboola.com
949,c2shb.pubgw.yahoo.com
950,outlookmobile-office365-tas.msedge.net
951,scontent.cdninstagram.com
952,buy.itunes-apple.com.akadns.net
953,main.endpoint.ingress.rapid7.com
954,skydrive.wns.windows.com
955,login.windows.net
956,tenable.com
957,deepintent.com
958,msh.amazon.com
959,peoplestack-pa.googleapis.com
960,mesu.g.aaplimg.com
961,b-api.facebook.com
962,us.main.endpoint.ingress.rapid7.com
963,cloud.tenable.com
964,bitmoji.com
965,unitedstates.smartscreen.microsoft.com
966,sessions.bugsnag.com
967,windows.msn.com
968,aax-eu.amazon-adsystem.com
969,chartbeat.net
970,push-apple.com.akadns.net
971,cdn-apple.com.akadns.net
972,unpkg.com
973,appsforoffice.microsoft.com
974,idsync.analytics.yahoo.com
975,technoratimedia.com
976,images.bitmoji.com
977,match.deepintent.com
978,cms.analytics.yahoo.com
979,dscd.akamaiedge.net
980,partner.googleadservices.com
981,gumgum.com
982,a-mo.net
983,msauth.net
984,snap.licdn.com
985,socdm.com
986,ris.api.iris.microsoft.com
987,r.manage.microsoft.com
988,apple-cloudkit.com
989,client-api.itunes.apple.com
990,execute-api.us-east-1.amazonaws.com
991,mozilla.net
992,ssbsync.smartadserver.com
993,bcp.crwdcntrl.net
994,api.apple-cloudkit.com
995,service.idsync.analytics.yahoo.com
996,cdn.branch.io
997,tg.socdm.com
998,a-msedge.net
999,script.hotjar.com
1000,clientstream.launchdarkly.com
